country,conversions,users,conversion_rate
CA,1672,14499,0.11531829781364232
UK,8739,72466,0.12059448568984076
US,24342,203621,0.11954562643342288
